learn_rate,n_iter,tolerance,mse,r2_score,intercept,coefficients
1e-07,10000,1e-06,205.16234522089533,-8.625757002883836,-1.1749752410960963,[ 1.73684499 -0.39736073  1.05627514  0.42624447 -0.26929022 -0.1207531
 -0.80118591 -2.55171678  1.02672649  0.67521522 -1.15778184  0.80696207
 -1.01277068  0.4900713  -0.83854523]